{
  "SimpleCNN": {
    "nrmse": 0.04889947461839703,
    "ssim": 0.6201360884357833,
    "pearson": 0.5010759697332013,
    "mse": 0.00275394960215819,
    "training_time_min": 411.2256660143534,
    "num_params": 186177
  },
  "UNet": {
    "nrmse": 0.04891868612019735,
    "ssim": 0.6192597578964393,
    "pearson": 0.5016396155646107,
    "mse": 0.0027680836970811304,
    "training_time_min": 1294.4827624678612,
    "num_params": 31037633
  },
  "GPDL_FCN": {
    "nrmse": 0.04881602999584719,
    "ssim": 0.6101475280764889,
    "pearson": 0.40061976510697117,
    "mse": 0.0028164539925652696,
    "training_time_min": 113.32262738545735,
    "num_params": 24815201
  },
  "ViT": {
    "nrmse": 0.049164516600397945,
    "ssim": 0.626776660046651,
    "pearson": 0.4723852240023288,
    "mse": 0.0027846314191644216,
    "training_time_min": 64.45548903147379,
    "num_params": 11608129
  }
}